-- MySQL Script generated by MySQL Workbench
-- 04/26/16 01:17:59
-- Model: New Model    Version: 1.0
-- MySQL Workbench Forward Engineering

SET @OLD_UNIQUE_CHECKS=@@UNIQUE_CHECKS, UNIQUE_CHECKS=0;
SET @OLD_FOREIGN_KEY_CHECKS=@@FOREIGN_KEY_CHECKS, FOREIGN_KEY_CHECKS=0;
SET @OLD_SQL_MODE=@@SQL_MODE, SQL_MODE='TRADITIONAL,ALLOW_INVALID_DATES';

-- -----------------------------------------------------
-- Schema store
-- -----------------------------------------------------

-- -----------------------------------------------------
-- Schema store
-- -----------------------------------------------------
CREATE SCHEMA IF NOT EXISTS `store` DEFAULT CHARACTER SET utf8 ;
USE `store` ;

-- -----------------------------------------------------
-- Table `store`.`shops`
-- -----------------------------------------------------
CREATE TABLE IF NOT EXISTS `store`.`shops` (
  `id` INT NOT NULL,
  `name` VARCHAR(45) NOT NULL,
  `address` VARCHAR(45) NOT NULL,
  PRIMARY KEY (`id`))
ENGINE = InnoDB;


-- -----------------------------------------------------
-- Table `store`.`products`
-- -----------------------------------------------------
CREATE TABLE IF NOT EXISTS `store`.`products` (
  `id` INT NOT NULL,
  `name` VARCHAR(45) NOT NULL,
  `producer` VARCHAR(45) NOT NULL,
  PRIMARY KEY (`id`))
ENGINE = InnoDB;


-- -----------------------------------------------------
-- Table `store`.`shop_product`
-- -----------------------------------------------------
CREATE TABLE IF NOT EXISTS `store`.`shop_product` (
  `shop_id` INT NOT NULL,
  `product_id` INT NOT NULL,
  PRIMARY KEY (`shop_id`, `product_id`),
  CONSTRAINT `shop`
    FOREIGN KEY (`shop_id`)
    REFERENCES `store`.`shops` (`id`)
    ON DELETE CASCADE
    ON UPDATE CASCADE,
  CONSTRAINT `product`
    FOREIGN KEY (`product_id`)
    REFERENCES `store`.`products` (`id`)
    ON DELETE CASCADE
    ON UPDATE CASCADE)
ENGINE = InnoDB;

CREATE INDEX `product_idx` ON `store`.`shop_product` (`product_id` ASC);


SET SQL_MODE=@OLD_SQL_MODE;
SET FOREIGN_KEY_CHECKS=@OLD_FOREIGN_KEY_CHECKS;
SET UNIQUE_CHECKS=@OLD_UNIQUE_CHECKS;

-- -----------------------------------------------------
-- Data for table `store`.`shops`
-- -----------------------------------------------------
START TRANSACTION;
USE `store`;
INSERT INTO `store`.`shops` (`id`, `name`, `address`) VALUES (1, 'АСК-АВТО', 'Ул. Седова д.2');
INSERT INTO `store`.`shops` (`id`, `name`, `address`) VALUES (2, 'Пандора', 'Ул. Ушинского д.12');
INSERT INTO `store`.`shops` (`id`, `name`, `address`) VALUES (3, 'РЖЕВКА-АВТО', 'ул. 1-я Жерновская д.29 А');
INSERT INTO `store`.`shops` (`id`, `name`, `address`) VALUES (4, 'РОЛЬФ Витебский', 'Витебский пр. д.17 корп.6');
INSERT INTO `store`.`shops` (`id`, `name`, `address`) VALUES (5, 'АвтоНова (AutoNova)', 'Балканская пл. д. 5');

COMMIT;


-- -----------------------------------------------------
-- Data for table `store`.`products`
-- -----------------------------------------------------
START TRANSACTION;
USE `store`;
INSERT INTO `store`.`products` (`id`, `name`, `producer`) VALUES (1, 'Skoda Octavia', 'Чехия');
INSERT INTO `store`.`products` (`id`, `name`, `producer`) VALUES (2, 'BMW X5', 'Германия');
INSERT INTO `store`.`products` (`id`, `name`, `producer`) VALUES (3, 'Aston Martin', 'Великобритания');
INSERT INTO `store`.`products` (`id`, `name`, `producer`) VALUES (4, 'Ford Mustang', 'США');

COMMIT;


-- -----------------------------------------------------
-- Data for table `store`.`shop_product`
-- -----------------------------------------------------
START TRANSACTION;
USE `store`;
INSERT INTO `store`.`shop_product` (`shop_id`, `product_id`) VALUES (1, 2);
INSERT INTO `store`.`shop_product` (`shop_id`, `product_id`) VALUES (1, 4);
INSERT INTO `store`.`shop_product` (`shop_id`, `product_id`) VALUES (1, 1);
INSERT INTO `store`.`shop_product` (`shop_id`, `product_id`) VALUES (2, 3);
INSERT INTO `store`.`shop_product` (`shop_id`, `product_id`) VALUES (3, 2);
INSERT INTO `store`.`shop_product` (`shop_id`, `product_id`) VALUES (3, 4);
INSERT INTO `store`.`shop_product` (`shop_id`, `product_id`) VALUES (4, 1);
INSERT INTO `store`.`shop_product` (`shop_id`, `product_id`) VALUES (4, 2);
INSERT INTO `store`.`shop_product` (`shop_id`, `product_id`) VALUES (4, 3);
INSERT INTO `store`.`shop_product` (`shop_id`, `product_id`) VALUES (5, 3);

COMMIT;

